{"accuracy": 0.6190409531020096, "f1_macro": 0.6152069968641097, "precision_macro": 0.6239818009207878, "recall_macro": 0.6190409489722667, "_timestamp": 1652374146, "_runtime": 59, "_step": 0}