{"accuracy": 0.5647375297814008, "f1_macro": 0.527677945976146, "precision_macro": 0.594340989674252, "recall_macro": 0.5647375319330961, "_timestamp": 1652370559, "_runtime": 11, "_step": 0, "_wandb": {"runtime": 12}}